Track Name,Artist,Album,Release Date,Label
WHERE SHE GOES,Bad Bunny,WHERE SHE GOES,2023-05-18,Rimas Entertainment LLC
Acróstico,Shakira,Acróstico,2023-05-11,Sony Music Latin
Supernova,Saiko,Supernova,2023-04-19,2023 SAIKO
EL TONTO,Lola Indigo,EL DRAGÓN,2023-04-13,Universal Music Spain S.L.
El Merengue,Marshmello,El Merengue,2023-03-03,Sony Music Latin
BESO,ROSALÍA,RR,2023-03-24,Columbia Records/Duars Entertainment/Sony Music Latin
Clavaito,Chanel,Clavaito,2023-04-27,Sony Music Entertainment
Mami Chula,Jhayco,Mami Chula,2023-04-28,N&E Entertainment LLC
Classy 101,Feid,Classy 101,2023-03-31,UMLE - Latino
Nochentera,Vicco,Nochentera,2022-12-19,Sony Music Entertainment
VAGABUNDO,Sebastian Yatra,VAGABUNDO,2023-05-12,UMLE - Latino
Yandel 150,Yandel,Resistencia,2023-01-13,La Leyenda LLC
TQG,KAROL G,MAÑANA SERÁ BONITO,2023-02-24,UMLE - Latino
Todo Contigo,Álvaro De Luna,Todo Contigo,2023-03-17,WM Spain
La Bebe - Remix,Yng Lvcas,La Bebe (Remix),2023-03-17,WM Mexico
PLAYA DEL INGLÉS,Quevedo,DONDE QUIERO ESTAR,2023-01-20,Quevedo
Coco Chanel,Eladio Carrion,3MEN2 KBRN,2023-03-17,Rimas Entertainment LLC
Rara Vez,Taiu,Rara Vez,2023-02-08,Universal Music Argentina S.A.
Arena y Sal,Omar Montes,Arena y Sal,2023-05-18,Sony Music Latin
Ella Baila Sola,Eslabon Armado,DESVELADO,2023-04-28,DEL Records
La Bachata,Manuel Turizo,2000,2023-03-17,Sony Music Latin/La Industria
WANDA,Quevedo,DONDE QUIERO ESTAR,2023-01-20,Quevedo
Cupido,TINI,Cupido,2023-02-16,5020 Records
Si La Calle Llama - Remix,Eladio Carrion,3MEN2 KBRN,2023-03-17,Rimas Entertainment LLC
MERCHO,LiL CaKe,MERCHO,2022-12-16,Sony Music Argentina
PUNTO G,Quevedo,DONDE QUIERO ESTAR,2023-01-20,Quevedo
Los Ángeles,Aitana,Los Ángeles,2023-03-29,Universal Music Spain S.L.
Niña Bonita,Feid,Niña Bonita,2023-04-21,UMLE - Latino
Mi Nena Remix,Maikel Delacalle,Mi Nena Remix,2023-03-23,Universal Music Spain S.L.
"Quevedo: Bzrp Music Sessions, Vol. 52",Bizarrap,"Quevedo: Bzrp Music Sessions, Vol. 52",2022-07-06,DALE PLAY Records
Hey Mor,Ozuna,OzuTochi,2022-10-07,Aura Music Corp.
un x100to,Grupo Frontera,un x100to,2023-04-17,Rimas Entertainment LLC.
"Shakira: Bzrp Music Sessions, Vol. 53",Bizarrap,"Shakira: Bzrp Music Sessions, Vol. 53",2023-01-11,DALE PLAY Records
69,Nicky Jam,69,2023-05-19,Sony Music Latin
Antes,Rvfv,Antes,2023-03-10,NASTU MUSIC
Que te vaya bien,Rvfv,Que te vaya bien,2023-04-21,NASTU MUSIC
Tattoo,Loreen,Tattoo,2023-02-25,Universal Music AB
CHORRITO PA LAS ANIMAS,Feid,SIXDO,2022-12-02,UMLE - Latino
La Jumpa,Arcángel,Sr. Santos,2022-12-01,Rimas Entertainment LLC.
Andando,Morad,Reinsertado,2023-05-12,M.D.L.R
Arranca (feat. Omega),Becky G,Arranca (feat. Omega),2023-03-10,Kemosabe Records/RCA Records
Polaris,Saiko,1371 KM,2022-08-26,2022 Saiko
MEMORIAS,Mora,MICRODOSIS,2022-04-01,Rimas Entertainment LLC
La Fiesta,Pedro Capó,La Neta,2022-12-02,Sony Music Latin
REMIX EXCLUSIVO,Feid,REMIX EXCLUSIVO,2023-03-17,UMLE - Latino
Flowers,Miley Cyrus,Endless Summer Vacation,2023-03-10,Columbia
Las Bratz (Remix),Aissa,Las Bratz (Remix),2023-03-08,Aissa el Aslani Erra
VISTA AL MAR,Quevedo,DONDE QUIERO ESTAR,2023-01-20,Quevedo
DESPECHÁ,ROSALÍA,MOTOMAMI +,2022-09-09,Columbia
T'as peur,Aya Nakamura,DNK,2023-01-27,Rec. 118
